setName,avgMarketPrice,releaseYear
Final Fantasy,22299.84,2025
Final Fantasy Commander,7769.81,2025
MagicFest 2025,6581.900000000001,2025
Edge of Eternities: Stellar Sights,6526.23,2025
Edge of Eternities,6022.44,2025
Final Fantasy: Through the Ages,4285.33,2025
Innistrad Remastered,4045.69,2025
Marvel's Spider-Man,3565.8,2025
Tarkir: Dragonstorm,3411.08,2025
Aetherdrift,2754.11,2025
Spotlight Series,2405.8999999999996,2025
Final Fantasy Promos,1880.33,2025
Tarkir: Dragonstorm Promos,1208.26,2025
Aetherdrift Promos,799.9399999999999,2025
Marvel's Spider-Man Eternal,711.82,2025
Tarkir: Dragonstorm Commander,586.8,2025
Edge of Eternities Promos,436.29,2025
Year of the Snake 2025,373.29,2025
Edge of Eternities Commander,173.05,2025
Aetherdrift Commander,165.54,2025
Wizards Play Network 2025,162.14,2025
FIN Standard Showdown,77.34,2025
The Big Score Promos,64.89,2025
Love Your LGS 2025,6.260000000000001,2025
Ravnica Remastered,18867.52,2024
Modern Horizons 3,9142.07,2024
Fallout,8796.51,2024
Foundations,8273.47,2024
Mystery Booster 2,8111.06,2024
Bloomburrow,3923.92,2024
Duskmourn: House of Horror,3789.4900000000002,2024
Murders at Karlov Manor,3429.48,2024
Bloomburrow Commander,3280.53,2024
The Big Score,2744.44,2024
Assassin's Creed,2025.93,2024
Outlaws of Thunder Junction,1326.57,2024
Murders at Karlov Manor Promos,1269.05,2024
Duskmourn: House of Horror Promos,1264.82,2024
Bloomburrow Promos,1216.58,2024
Modern Horizons 3 Commander,1165.13,2024
Breaking News,1122.76,2024
Outlaws of Thunder Junction Promos,936.17,2024
Modern Horizons 3 Promos,802.6,2024
Foundations Jumpstart,534.68,2024
Duskmourn: House of Horror Commander,464.6,2024
Foundations Promos,462.81,2024
Ravnica: Clue Edition,435.77,2024
Outlaws of Thunder Junction Commander,343.8,2024
Murders at Karlov Manor Commander,341.65,2024
Modern Horizons 2 Timeshifts,326.4,2024
Year of the Dragon 2024,153.04999999999998,2024
Wizards Play Network 2024,72.08,2024
Cowboy Bebop,21.8,2024
MagicFest 2024,15.030000000000001,2024
Foundations Commander,5.2,2024
Love Your LGS 2024,3.18,2024
Tales of Middle-earth Deluxe Commander Kit,2.48,2024
Lord of the Rings: Tales of Middle-Earth,15884.97,2023
Secret Lair Showdown,13019.449999999999,2023
Multiverse Legends,11308.19,2023
Commander Masters,9637.92,2023
Special Guests,8999.9,2023
Tales of Middle Earth Commander,7796.14,2023
Universes Beyond: Doctor Who,6440.63,2023
Wilds of Eldraine: Enchanting Tales,6230.27,2023
Jurassic World Collection,4249.67,2023
March of the Machine,3417.92,2023
Dominaria Remastered,3135.61,2023
The Lost Caverns of Ixalan,3036.82,2023
Phyrexia: All Will Be One,2803.25,2023
Lost Caverns of Ixalan Commander,1699.88,2023
March of the Machine: The Aftermath,1457.3700000000001,2023
Wilds of Eldraine,1277.49,2023
Phyrexia: All Will Be One Promos,1190.88,2023
Wilds of Eldraine Promos,978.92,2023
Tales of Middle-earth Promos,946.03,2023
The Lost Caverns of Ixalan Promos,906.02,2023
March of the Machine Promos,877.5,2023
March of the Machine Commander,641.26,2023
Wilds of Eldraine Commander,540.72,2023
Regional Championship Qualifiers 2023,497.75,2023
Phyrexia: All Will Be One Commander,412.98,2023
Judge Gift Cards 2023,141.1,2023
March of the Machine: The Aftermath Promos,105.38,2023
Time Spiral Remastered Promos,92.71,2023
MagicFest 2023,85.13,2023
Year of the Rabbit 2023,56.459999999999994,2023
Wizards Play Network 2023,30.43,2023
Unknown Event,29.44,2023
30th Anniversary Edition,70092.74,2022
The Brothers' War Retro Artifacts,14322.46,2022
Eternal Weekend 2022,10670.69,2022
Double Masters 2022,8084.24,2022
Transformers,4776.47,2022
Commander Legends: Battle for Baldur's Gate,4534.32,2022
Kamigawa: Neon Dynasty,3359.88,2022
Innistrad: Double Feature,3338.48,2022
Unfinity,2861.1,2022
"Warhammer 40,000",2395.97,2022
Store Championships 2022,2010.33,2022
Dominaria United,1543.93,2022
Streets of New Capenna,1446.1,2022
The Brothers' War,1049.78,2022
New Capenna Commander Promos,987.4399999999999,2022
Dominaria United Promos,980.88,2022
Battle for Baldur's Gate Promos,932.15,2022
The Brothers' War Promos,847.31,2022
Kamigawa: Neon Dynasty Promos,843.24,2022
30th Anniversary History Promos,773.4,2022
New Capenna Commander,746.28,2022
Secret Lair 30th Anniversary Countdown Kit,701.61,2022
Jump Start 2022,700.72,2022
Streets of New Capenna Promos,685.42,2022
Dominaria United Commander,500.41,2022
The Brothers' War Commander,359.53,2022
Judge Gift Cards 2022,354.54,2022
Kamigawa: Neon Dynasty Commander,318.63,2022
Starter Commander Decks,198.94,2022
Regional Championship Qualifiers 2022,186.83999999999997,2022
Universes Within,175.46,2022
Commander Collection: Black,139.60999999999999,2022
Game Night 2022,124.66,2022
Year of the Tiger 2022,110.03999999999999,2022
30th Anniversary Promos,109.9,2022
30th Anniversary Misc Promos,97.31,2022
Game Day Promos,68.12,2022
The List (Unfinity Foil Edition),35.84,2022
Unfinity Sticker Sheets,20.95,2022
Wizards Play Network 2022,13.65,2022
Love Your LGS 2022,6.57,2022
Time Spiral Remastered,5660.17,2021
Modern Horizons 2,3970.04,2021
Adventures in the Forgotten Realms Promos,3126.1,2021
Kaldheim,2217.76,2021
Adventures in the Forgotten Realms,1209.68,2021
Kaldheim Promos,1190.41,2021
Innistrad: Crimson Vow,1073.9,2021
Strixhaven Mystical Archive,1047.45,2021
Strixhaven: School of Mages,899.12,2021
Innistrad: Midnight Hunt,863.8,2021
Modern Horizons 2 Promos,830.68,2021
Modern Horizons 1 Timeshifts,817.75,2021
Commander 2021,773.97,2021
Adventures in the Forgotten Realms Commander,700.49,2021
Innistrad: Crimson Vow Promos,629.92,2021
Innistrad: Midnight Hunt Promos,610.35,2021
Strixhaven: School of Mages Promos,560.4399999999999,2021
Judge Gift Cards 2021,387.48,2021
Innistrad: Crimson Vow Commander,225.93,2021
Innistrad: Midnight Hunt Commander,206.04,2021
Kaldheim Commander,106.25,2021
Love Your LGS 2021,52.32,2021
Mystery Booster Playtest Cards 2021,51.74,2021
Year of the Ox 2021,40.76,2021
Wizards Play Network 2021,40.09,2021
Commander 2021 Display Commanders,10.79,2021
Pioneer Challenger Decks 2021,10.66,2021
Forgotten Realms Oversized Cards,8.02,2021
Forgotten Realms Commander Display Commanders,4.85,2021
Midnight Hunt Commander Display Commanders,4.11,2021
Crimson Vow Commander Display Commanders,1.4,2021
The List,9226.92,2020
Double Masters,7490.56,2020
Commander Legends,4456.87,2020
Ikoria: Lair of Behemoths,2339.9,2020
Zendikar Rising Expeditions,1934.16,2020
Zendikar Rising,1889.67,2020
Core Set 2021,1824.77,2020
Theros Beyond Death,1652.25,2020
Ikoria: Lair of Behemoths Promos,1155.25,2020
Core Set 2021 Promos,1108.89,2020
Theros Beyond Death Promos,1071.9,2020
Zendikar Rising Promos,891.29,2020
Judge Gift Cards 2020,583.58,2020
Jumpstart,527.98,2020
Ikoria Commander,464.3,2020
Secret Lair: Ultimate Edition,308.24,2020
Commander Collection: Green,210.2,2020
Commander Legends Promos,204.48,2020
Zendikar Rising Commander,94.99,2020
Signature Spellbook: Chandra,70.0,2020
Unsanctioned,34.34,2020
MagicFest 2020,16.68,2020
Love Your LGS 2020,11.79,2020
Commander 2020 Oversized,3.74,2020
Secret Lair Drop,61942.39,2019
Throne of Eldraine,1889.33,2019
Modern Horizons,1855.69,2019
Core Set 2020 Promos,1297.34,2019
Core Set 2020,880.7,2019
Throne of Eldraine Promos,851.54,2019
War of the Spark,812.9399999999999,2019
War of the Spark Promos,796.2,2019
Ravnica Allegiance,677.98,2019
Ravnica Allegiance Promos,551.03,2019
Judge Gift Cards 2019,541.0,2019
Ponies: The Galloping,441.46000000000004,2019
Commander 2019,251.85,2019
San Diego Comic-Con 2019,216.18,2019
Mystery Booster Playtest Cards 2019,210.16,2019
Guild Kit: Azorius,102.74,2019
Signature Spellbook: Gideon,54.89,2019
Game Night 2019,49.05,2019
Modern Horizons Promos,21.0,2019
MagicFest 2019,17.59,2019
Commander 2019 Oversized,2.98,2019
Ultimate Masters,2230.73,2018
Ultimate Box Toppers,1598.85,2018
Battlebond,1531.16,2018
Masters 25,1314.84,2018
Core Set 2019,978.58,2018
Core Set 2019 Promos,951.72,2018
Rivals of Ixalan Promos,865.77,2018
Dominaria Promos,822.97,2018
Dominaria,740.17,2018
Rivals of Ixalan,736.41,2018
Guilds of Ravnica,655.53,2018
Masters Edition,625.48,2018
Judge Gift Cards 2018,590.02,2018
Guilds of Ravnica Promos,535.07,2018
Commander Anthology 2018,429.69,2018
Planechase Anthology Planes,369.93,2018
Commander 2018,266.16,2018
San Diego Comic-Con 2018,208.27,2018
Battlebond Promos,108.28999999999999,2018
Guild Kit: Dimir,98.75,2018
Signature Spellbook: Jace,82.3,2018
Duel Decks: Elves vs. Inventors,68.95,2018
Game Night,46.34,2018
Nationals Promos,32.75,2018
Global Series: Jiang Yanggu and Mu Yanling,14.46,2018
Commander 2018 Oversized,7.64,2018
Gift Pack,3.9699999999999998,2018
Masterpiece Series: Amonkhet Invocations,3863.9900000000002,2017
Iconic Masters,1544.55,2017
Modern Masters 2017 Edition,1242.55,2017
Ixalan Promos,1051.42,2017
Unstable,875.4300000000001,2017
Ixalan,716.15,2017
Amonkhet,688.24,2017
Commander 2017,576.94,2017
Hour of Devastation,538.29,2017
Aether Revolt Promos,462.2,2017
HasCon 2017,457.76,2017
Hour of Devastation Promos,450.37,2017
Amonkhet Promos,445.14,2017
Aether Revolt,426.45,2017
Judge Gift Cards 2017,408.40999999999997,2017
Commander Anthology,398.1,2017
San Diego Comic-Con 2017,198.09,2017
XLN Treasure Chest,176.7,2017
From the Vault: Transform,135.36,2017
Archenemy: Nicol Bolas,94.2,2017
Explorers of Ixalan,87.94,2017
Duel Decks: Mind vs. Might,58.32,2017
Duel Decks: Merfolk vs. Goblins,53.82,2017
Commander 2017 Oversized,45.81,2017
Archenemy: Nicol Bolas Schemes,19.83,2017
Friday Night Magic 2017,6.3,2017
Welcome Deck 2017,5.4,2017
Unstable Promos,1.3,2017
Masterpiece Series: Kaladesh Inventions,8372.05,2016
Eternal Masters,2377.91,2016
Conspiracy: Take the Crown,1312.11,2016
Commander 2016,724.04,2016
Eldritch Moon,650.27,2016
Shadows over Innistrad,640.09,2016
Judge Gift Cards 2016,627.8399999999999,2016
Kaladesh,546.52,2016
Kaladesh Promos,521.51,2016
Eldritch Moon Promos,499.9,2016
Shadows over Innistrad Promos,485.4,2016
Oath of the Gatewatch,393.37,2016
Oath of the Gatewatch Promos,296.69,2016
Planechase Anthology,152.79,2016
San Diego Comic-Con 2016,106.04,2016
From the Vault: Lore,76.76,2016
Duel Decks: Blessed vs. Cursed,31.04,2016
Duel Decks: Nissa vs. Ob Nixilis,27.16,2016
Commander 2016 Oversized,23.43,2016
Friday Night Magic 2016,8.469999999999999,2016
Welcome Deck 2016,5.17,2016
Zendikar Expeditions,4196.42,2015
Modern Masters 2015 Edition,1635.19,2015
San Diego Comic-Con 2015,911.3,2015
Magic Origins,846.6,2015
Battle for Zendikar Promos,642.44,2015
Dragons of Tarkir,629.96,2015
Battle for Zendikar,585.53,2015
Fate Reforged,356.75,2015
Commander 2015,353.66,2015
Magic Origins Promos,270.34,2015
Judge Gift Cards 2015,267.08,2015
Dragons of Tarkir Promos,225.52,2015
Fate Reforged Promos,145.85,2015
Ugin's Fate promos,120.84,2015
From the Vault: Angels,90.74000000000001,2015
Duel Decks: Zendikar vs. Eldrazi,45.29,2015
Duel Decks: Elspeth vs. Kiora,28.75,2015
BFZ Standard Series,20.85,2015
Fate Reforged Clash Pack,19.05,2015
Friday Night Magic 2015,7.88,2015
Commander 2015 Oversized,4.0,2015
Magic Origins Clash Pack,3.9,2015
Tarkir Dragonfury,1.8,2015
Magic: The Gathering—Conspiracy,1123.07,2014
Magic 2015 Core Set,887.88,2014
Khans of Tarkir,683.31,2014
Journey into Nyx,682.97,2014
Judge Gift Cards 2014,662.61,2014
Born of the Gods,532.13,2014
Commander 2014,468.15,2014
Khans of Tarkir Promos,258.97,2014
San Diego Comic-Con 2014,247.9,2014
Duel Decks Anthology: Divine vs. Demonic,102.61999999999999,2014
Modern Event Deck 2014,91.51,2014
Duel Decks Anthology: Garruk vs. Liliana,71.27,2014
Magic 2015 Promos,67.42,2014
From the Vault: Annihilation (2014),52.0,2014
Duel Decks Anthology: Jace vs. Chandra,44.77,2014
Duel Decks: Speed vs. Cunning,30.14,2014
Duel Decks: Jace vs. Vraska,25.88,2014
Journey into Nyx Promos,21.4,2014
Journey into Nyx Hero's Path,13.22,2014
Battle the Horde,10.77,2014
Friday Night Magic 2014,10.62,2014
Magic 2015 Clash Pack,9.31,2014
Born of the Gods Promos,7.48,2014
Commander 2014 Oversized,7.43,2014
Born of the Gods Hero's Path,3.31,2014
M15 Prerelease Challenge,2.57,2014
Defeat a God,1.74,2014
Duels of the Planeswalkers 2015 Promos,1.08,2014
Conspiracy Promos,0.44,2014
Modern Masters,1656.8799999999999,2013
Magic 2014 Core Set,984.43,2013
Gatecrash,870.73,2013
Theros,783.52,2013
San Diego Comic-Con 2013,736.94,2013
Commander 2013 Edition,372.6,2013
Judge Gift Cards 2013,292.56,2013
Dragon's Maze,286.54,2013
From the Vault: Twenty,133.88,2013
World Magic Cup Qualifiers,86.38,2013
Friday Night Magic 2013,34.6,2013
Duel Decks: Sorin vs. Tibalt,24.85,2013
Duel Decks: Heroes vs. Monsters,24.43,2013
Commander 2013 Oversized,18.46,2013
Gatecrash Promos,16.37,2013
Theros Promos,14.89,2013
Dragon's Maze Promos,10.7,2013
Duels of the Planeswalkers 2014 Promos,7.9,2013
Face the Hydra,5.6,2013
Magic 2014 Promos,5.15,2013
Theros Hero's Path,3.4400000000000004,2013
Avacyn Restored,1393.45,2012
Magic 2013,943.43,2012
Return to Ravnica,807.6,2012
Open the Helvault,639.3,2012
Dark Ascension,550.25,2012
Judge Gift Cards 2012,418.57,2012
From the Vault: Realms,387.22999999999996,2012
Commander's Arsenal,295.3,2012
Planechase 2012 Edition,158.83,2012
Commander's Arsenal Oversized,156.42999999999998,2012
IDW Comics 2012,107.73,2012
Planechase 2012 Planes,104.16,2012
Duel Decks: Izzet vs. Golgari,62.68,2012
Friday Night Magic 2012,54.269999999999996,2012
Duel Decks: Venser vs. Koth,44.67,2012
Dark Ascension Promos,33.38,2012
Duels of the Planeswalkers 2013 Promos,24.060000000000002,2012
Avacyn Restored Promos,14.44,2012
Return to Ravnica Promos,10.89,2012
Magic 2013 Promos,9.24,2012
Wizards Play Network 2012,4.359999999999999,2012
New Phyrexia,1734.05,2011
Mirrodin Besieged,1067.94,2011
Innistrad,1059.61,2011
Magic 2012,1038.23,2011
Judge Gift Cards 2011,652.8,2011
Magic: The Gathering-Commander,473.85,2011
From the Vault: Legends,138.56,2011
Commander 2011 Launch Party,81.89,2011
Premium Deck Series: Graveborn,80.94,2011
Duel Decks: Knights vs. Dragons,61.86,2011
Friday Night Magic 2011,59.52,2011
New Phyrexia Promos,53.89,2011
Duel Decks: Ajani vs. Nicol Bolas,40.65,2011
Commander 2011 Oversized,34.12,2011
Magic Player Rewards 2011,27.52,2011
Mirrodin Besieged Promos,12.440000000000001,2011
Duels of the Planeswalkers 2012 Promos,12.239999999999998,2011
Innistrad Promos,7.63,2011
Wizards Play Network 2011,3.93,2011
Magic 2012 Promos,2.95,2011
Judge Gift Cards 2010,2474.5,2010
Rise of the Eldrazi,2433.39,2010
Scars of Mirrodin,1738.12,2010
Worldwake,1393.2,2010
From the Vault: Relics,1187.44,2010
Magic 2011,1140.8700000000001,2010
Archenemy Schemes,332.42,2010
Archenemy,130.94,2010
Duels of the Planeswalkers,122.42999999999999,2010
Friday Night Magic 2010,62.949999999999996,2010
Magic Player Rewards 2010,62.48,2010
Duel Decks: Elspeth vs. Tezzeret,61.69,2010
Duel Decks: Phyrexia vs. the Coalition,57.15,2010
Magic 2011 Promos,39.07,2010
Rise of the Eldrazi Promos,29.439999999999998,2010
Premium Deck Series: Fire and Lightning,25.63,2010
Duels of the Planeswalkers 2010 Promos,21.76,2010
Scars of Mirrodin Promos,15.41,2010
Worldwake Promos,15.31,2010
Judge Gift Cards 2009,2560.86,2009
Zendikar,2120.74,2009
Magic 2010,1169.88,2009
Alara Reborn,599.9,2009
Conflux,584.22,2009
From the Vault: Exiled,395.09000000000003,2009
Planechase,280.06,2009
URL/Convention Promos,222.12,2009
Planechase Planes,172.65,2009
Premium Deck Series: Slivers,132.24,2009
Duel Decks: Divine vs. Demonic,89.23,2009
Friday Night Magic 2009,84.22,2009
Magic Player Rewards 2009,55.81,2009
Duel Decks: Garruk vs. Liliana,54.720000000000006,2009
Zendikar Promos,27.040000000000003,2009
Magic 2010 Promos,15.469999999999999,2009
Alara Reborn Promos,10.31,2009
Promotional Planes,4.26,2009
Duels of the Planeswalkers 2009 Promos,4.03,2009
Conflux Promos,1.31,2009
Shadowmoor,3051.04,2008
Eventide,1957.33,2008
Morningtide,1791.24,2008
Shards of Alara,1047.78,2008
Judge Gift Cards 2008,428.15,2008
From the Vault: Dragons,121.22,2008
Friday Night Magic 2008,119.47,2008
Magic Player Rewards 2008,75.59,2008
Duel Decks: Jace vs. Chandra,35.12,2008
Morningtide Promos,14.44,2008
Shadowmoor Promos,9.690000000000001,2008
15th Anniversary Cards,3.4400000000000004,2008
Eventide Promos,3.11,2008
Shards of Alara Promos,3.02,2008
Pro Tour Promos,4474.59,2007
Tenth Edition,3836.11,2007
Future Sight,3027.63,2007
Lorwyn,2719.9,2007
Planar Chaos,1549.45,2007
Judge Gift Cards 2007,650.39,2007
Grand Prix Promos,350.14,2007
Duel Decks: Elves vs. Goblins,140.23,2007
Friday Night Magic 2007,111.56,2007
Magic Player Rewards 2007,36.86,2007
Future Sight Promos,11.61,2007
Tenth Edition Promos,11.28,2007
Lorwyn Promos,8.07,2007
Planar Chaos Promos,2.1799999999999997,2007
Dissension,2400.17,2006
Time Spiral,2256.62,2006
Coldsnap,1972.78,2006
Happy Holidays,1778.87,2006
"Time Spiral ""Timeshifted""",1408.3700000000001,2006
Guildpact,1314.76,2006
Champs and States,803.53,2006
DCI Promos,447.38,2006
Judge Gift Cards 2006,109.85,2006
Friday Night Magic 2006,107.26,2006
Magic Player Rewards 2006,52.25,2006
Coldsnap Theme Decks,28.73,2006
Time Spiral Promos,11.53,2006
Coldsnap Promos,9.76,2006
Arena League 2006,5.95,2006
Dissension Promos,1.9,2006
Guildpact Promos,1.16,2006
Ninth Edition,4672.65,2005
Ravnica: City of Guilds,2160.62,2005
Saviors of Kamigawa,1985.89,2005
Betrayers of Kamigawa,1690.05,2005
Judge Gift Cards 2005,414.08,2005
Junior Series Europe,261.52,2005
Friday Night Magic 2005,103.53,2005
Magic Player Rewards 2005,31.009999999999998,2005
Betrayers of Kamigawa Promos,19.279999999999998,2005
Two-Headed Giant Tournament,12.5,2005
Saviors of Kamigawa Promos,1.93,2005
Arena League 2005,1.8599999999999999,2005
Ravnica: City of Guilds Promos,1.47,2005
Ninth Edition Promos,0.62,2005
Champions of Kamigawa,3888.32,2004
Unhinged,2841.44,2004
Fifth Dawn,2283.68,2004
Darksteel,1749.67,2004
Judge Gift Cards 2004,395.78,2004
Friday Night Magic 2004,218.92,2004
World Championship Decks 2004,206.4,2004
Arena League 2004,70.42,2004
Mirrodin Promos,24.78,2004
Magic Player Rewards 2004,19.04,2004
Darksteel Promos,13.68,2004
Fifth Dawn Promos,5.55,2004
Champions of Kamigawa Promos,4.81,2004
Unhinged Promos,1.45,2004
Eighth Edition,5097.69,2003
Mirrodin,2916.66,2003
Scourge,2532.76,2003
Legions,2064.15,2003
Judge Gift Cards 2003,1203.95,2003
World Championship Decks 2003,277.2,2003
Friday Night Magic 2003,263.41,2003
Arena League 2003,5.86,2003
Magic Player Rewards 2003,5.73,2003
Scourge Promos,4.04,2003
Eighth Edition Promos,1.9300000000000002,2003
Onslaught Promos,1.78,2003
Legions Promos,1.02,2003
Onslaught,9047.61,2002
Judgment,2856.58,2002
Torment,1883.61,2002
Friday Night Magic 2002,322.05,2002
World Championship Decks 2002,220.03,2002
Arena League 2002,173.51,2002
Judge Gift Cards 2002,44.489999999999995,2002
Seventh Edition,35947.37,2001
Odyssey,5875.76,2001
Planeshift,3085.2,2001
Apocalypse,2440.9900000000002,2001
Friday Night Magic 2001,674.2,2001
Magic Player Rewards 2001,291.36,2001
World Championship Decks 2001,224.64000000000001,2001
Judge Gift Cards 2001,171.47,2001
Deckmasters,123.6,2001
Arena League 2001,106.21,2001
Invasion,4894.05,2000
Nemesis,2957.66,2000
Prophecy,1987.53,2000
World Championship Decks 2000,487.7,2000
Judge Gift Cards 2000,317.48,2000
Arena League 2000,288.71999999999997,2000
Friday Night Magic 2000,155.5,2000
Beatdown Box Set,69.24,2000
Starter 2000,6.140000000000001,2000
Nemesis Promos,4.07,2000
Prophecy Promos,2.67,2000
Mercadian Masques,8612.36,1999
Urza's Legacy,7831.82,1999
Urza's Destiny,7600.38,1999
Portal Three Kingdoms,6315.08,1999
Junior Super Series,735.42,1999
World Championship Decks 1999,606.88,1999
Classic Sixth Edition,523.87,1999
Starter 1999,378.47,1999
Battle Royale Box Set,136.39,1999
Arena League 1999,129.35,1999
Urza's Legacy Promos,104.08,1999
Wizards of the Coast Online Store,102.48,1999
World Championship Promos,54.72,1999
Portal: Three Kingdoms Promos,34.92,1999
Judge Gift Cards 1999,30.4,1999
Urza's Destiny Promos,10.06,1999
Mercadian Masques Promos,3.29,1999
Judge Gift Cards 1998,3633.3900000000003,1998
Urza's Saga,2858.47,1998
Stronghold,1401.75,1998
Exodus,1050.3899999999999,1998
Portal Second Age,430.01,1998
World Championship Decks 1998,279.18,1998
Unglued,149.56,1998
Urza's Saga Promos,144.98,1998
Anthologies,96.07000000000001,1998
Stronghold Promos,3.24,1998
Exodus Promos,2.76,1998
Tempest,1237.6,1997
Vanguard Series,639.85,1997
Fifth Edition,554.26,1997
Weatherlight,453.84,1997
Portal,452.51,1997
Visions,447.82,1997
World Championship Decks 1997,218.33,1997
MicroProse Promos,40.5,1997
Tempest Promos,9.12,1997
Mirage,1265.99,1996
Pro Tour Collector Set,838.47,1996
Alliances,417.21999999999997,1996
Introductory Two-Player Set,51.48,1996
Arena League 1996,14.31,1996
Media Inserts,533.86,1995
Ice Age,489.58,1995
Fourth Edition,476.3,1995
Chronicles,114.66,1995
Homelands,107.58,1995
DCI Legend Membership,55.31999999999999,1995
Legends,13954.61,1994
Antiquities,7321.49,1994
Revised Edition,6060.610000000001,1994
The Dark,628.21,1994
Summer Magic / Edgar,400.0,1994
HarperPrism Book Promos,186.13,1994
Fallen Empires,88.1,1994
Dragon Con,2.45,1994
Limited Edition Alpha,390428.71,1993
Limited Edition Beta,231616.82,1993
Unlimited Edition,71446.31999999999,1993
Intl. Collectors’ Edition,17345.64,1993
Collectors’ Edition,14548.06,1993
Arabian Nights,13705.41,1993
