setName,setCode,releaseDate,releaseYear
Teenage Mutant Hero Turtles Source Material,PZA,3/6/2026,2026
TeenageMutant Ninja Turtles Eternal,TMC,3/6/2026,2026
Teenage Mutant Ninja Turtles,TMT,3/6/2026,2026
Lorwyn Eclipsed,ECL,1/23/2026,2026
Avatar: The Last Airbender Front Cards,FTLA,11/21/2025,2025
Avatar: The Last Airbender,TLA,11/21/2025,2025
Avatar: The Last Airbender Eternal,TLE,11/21/2025,2025
Marvel Universe,MAR,9/26/2025,2025
Through the Omenpaths,OM1,9/26/2025,2025
Through the Omenpaths Bonus Sheet,OMB,9/26/2025,2025
Marvel's Spider-Man Promos,PSPM,9/26/2025,2025
Marvel's Spider-Man Eternal,SPE,9/26/2025,2025
Marvel's Spider-Man,SPM,9/26/2025,2025
Arena Anthology 3,AA3,9/16/2025,2025
Arena Anthology 4,AA4,9/16/2025,2025
2023 Heroes of the Realm,PH23,8/24/2025,2025
Arena Anthology 1,AA1,8/19/2025,2025
Arena Anthology 2,AA2,8/19/2025,2025
Alchemy: Edge of Eternities,YEOE,8/19/2025,2025
Edge of Eternities Art Series,AEOE,8/1/2025,2025
Edge of Eternities Commander,EOC,8/1/2025,2025
Edge of Eternities,EOE,8/1/2025,2025
Edge of Eternities: Stellar Sights,EOS,8/1/2025,2025
The Big Score Promos,PBIG,8/1/2025,2025
Edge of Eternities Promos,PEOE,8/1/2025,2025
Final Fantasy Art Series,AFIN,6/13/2025,2025
Final Fantasy: Through the Ages,FCA,6/13/2025,2025
Final Fantasy Commander,FIC,6/13/2025,2025
Final Fantasy,FIN,6/13/2025,2025
Final Fantasy Promos,PFIN,6/13/2025,2025
FIN Standard Showdown,PSS5,6/13/2025,2025
Final Fantasy Regional Promos,RFIN,6/13/2025,2025
FIN Magic Spotlight,FSPL,6/12/2025,2025
Pioneer Anthology 1,PA1,5/5/2025,2025
Alchemy: Tarkir,YTDM,4/29/2025,2025
Tarkir: Dragonstom Art Series,ATDM,4/11/2025,2025
Tarkir: Dragonstorm Promos,PTDM,4/11/2025,2025
Tarkir: Dragonstorm Commander,TDC,4/11/2025,2025
Tarkir: Dragonstorm,TDM,4/11/2025,2025
Love Your LGS 2025,PLG25,3/26/2025,2025
Secret Lair Showcase Planes,PSLDSC,3/21/2025,2025
Alchemy: Aetherdrift,YDFT,3/4/2025,2025
Secret Lair Showcase Planes,PSSC,2/21/2025,2025
Aetherdrift Art Series,ADFT,2/14/2025,2025
Aetherdrift,DFT,2/14/2025,2025
Aetherdrift Commander,DRC,2/14/2025,2025
Aetherdrift Promos,PDFT,2/14/2025,2025
Year of the Snake 2025,PL25,2/14/2025,2025
Japan Standard Cup,PJSC,2/9/2025,2025
Innistrad Remastered Art Series,AINR,1/24/2025,2025
Innistrad Remastered,INR,1/24/2025,2025
Spotlight Series,PSPL,1/3/2025,2025
MagicFest 2025,PF25,1/1/2025,2025
Wizards Play Network 2025,PW25,1/1/2025,2025
Pioneer Masters,PIO,12/10/2024,2024
Foundations Art Series,AFDN,11/15/2024,2024
Foundations Commander,FDC,11/15/2024,2024
Foundations,FDN,11/15/2024,2024
Foundations Front Cards,FFDN,11/15/2024,2024
Foundations Jumpstart Front Cards,FJ25,11/15/2024,2024
Foundations Jumpstart,J25,11/15/2024,2024
Foundations Promos,PFDN,11/15/2024,2024
Alchemy: Duskmourn,YDSK,11/14/2024,2024
Tales of Middle-earth Deluxe Commander Kit,PLTC,10/16/2024,2024
Eternal Weekend 2024,PE24,10/12/2024,2024
Duskmourn: House of Horror Art Series,ADSK,9/27/2024,2024
Duskmourn: House of Horror Commander,DSC,9/27/2024,2024
Duskmourn: House of Horror,DSK,9/27/2024,2024
Duskmourn: House of Horror Promos,PDSK,9/27/2024,2024
Alchemy: Bloomburrow,YBLB,9/20/2024,2024
Love Your LGS 2024,PLG24,8/6/2024,2024
Bloomburrow Art Series,ABLB,8/2/2024,2024
Bloomburrow,BLB,8/2/2024,2024
Mystery Booster 2,MB2,8/2/2024,2024
Bloomburrow Promos,PBLB,8/2/2024,2024
Cowboy Bebop,PCBB,8/2/2024,2024
Bloomburrow Commander,BLC,7/28/2024,2024
Assassin's Creed Art Series,AACR,7/5/2024,2024
Assassin's Creed,ACR,7/5/2024,2024
Assassin's Creed Minigames,MACR,7/5/2024,2024
Modern Horizons 3 Art Series,AMH3,6/14/2024,2024
Modern Horizons 3,MH3,6/14/2024,2024
Modern Horizons 3 Promos,PMH3,6/14/2024,2024
Modern Horizons 3 Substitute Cards,SMH3,6/14/2024,2024
Modern Horizons 2 Timeshifts,H2R,6/7/2024,2024
Alchemy: Outlaws of Thunder Junction,YOTJ,6/7/2024,2024
Modern Horizons 3 Commander,M3C,6/6/2024,2024
Outlaws of Thunder Junction Art Series,AOTJ,6/2/2024,2024
Outlaws of Thunder Junction Promos,POTJ,5/24/2024,2024
The Big Score,BIG,4/19/2024,2024
Outlaws of Thunder Junction Commander,OTC,4/19/2024,2024
Outlaws of Thunder Junction,OTJ,4/19/2024,2024
Breaking News,OTP,4/19/2024,2024
Alchemy: Murders at Karlov Manor,YMKM,4/4/2024,2024
Fallout,PIP,3/8/2024,2024
Ravnica Remastered,RVR,3/1/2024,2024
Murders at Karlov Manor Commander,MKC,2/16/2024,2024
Murders at Karlov Manor Standard Showdown,PSS4,2/10/2024,2024
Murders at Karlov Manor Art Series,AMKM,2/9/2024,2024
Ravnica: Clue Edition,CLU,2/9/2024,2024
Ravnica: Clue Edition Front Cards,FCLU,2/9/2024,2024
Murders at Karlov Manor,MKM,2/9/2024,2024
Murders at Karlov Manor Promos,PMKM,2/9/2024,2024
MKM Japanese Promo Tokens,WMKM,2/9/2024,2024
Year of the Dragon 2024,PL24,2/8/2024,2024
MagicFest 2024,PF24,1/1/2024,2024
Wizards Play Network 2024,PW24,1/1/2024,2024
Alchemy: Ixalan,YLCI,12/5/2023,2023
The Lost Caverns of Ixalan Art Series,ALCI,11/17/2023,2023
Lost Caverns of Ixalan Commander,LCC,11/17/2023,2023
The Lost Caverns of Ixalan,LCI,11/17/2023,2023
The Lost Caverns of Ixalan Promos,PLCI,11/17/2023,2023
March of the Machine: The Aftermath Promos,PMAT,11/17/2023,2023
Jurassic World Collection,REX,11/17/2023,2023
The Lost Caverns of Ixalan Substitute Cards,SLCI,11/17/2023,2023
Special Guests,SPG,11/17/2023,2023
Tales of Middle-earth Scene Box,ALTC,11/4/2023,2023
Universes Beyond: Doctor Who,WHO,10/13/2023,2023
Alchemy: Wilds of Eldraine,YWOE,10/10/2023,2023
Wilds of Eldraine Art Series,AWOE,9/8/2023,2023
Magic × Duel Masters Promos,PMDA,9/8/2023,2023
Time Spiral Remastered Promos,PTSR,9/8/2023,2023
Wilds of Eldraine Promos,PWOE,9/8/2023,2023
Wilds of Eldraine Commander,WOC,9/8/2023,2023
Wilds of Eldraine,WOE,9/8/2023,2023
Wilds of Eldraine: Enchanting Tales,WOT,9/8/2023,2023
Wilds of Eldraine Japanese Promo Tokens,WWOE,9/8/2023,2023
30th Anniversary Celebration Tokyo,P30T,9/1/2023,2023
Angels: They're Just Like Us but Cooler and with Wings,PAGL,8/14/2023,2023
Commander Masters Art Series,ACMM,8/4/2023,2023
Commander Masters,CMM,8/4/2023,2023
2022 Heroes of the Realm,PH22,8/1/2023,2023
Explorer Anthology 3,EA3,7/18/2023,2023
Historic Anthology 7,HA7,7/18/2023,2023
MagicFest 2023,PF23,7/1/2023,2023
Tales of Middle-earth Art Series,ALTR,6/23/2023,2023
Tales of Middle-earth Front Cards,FLTR,6/23/2023,2023
Tales of Middle Earth Commander,LTC,6/23/2023,2023
Lord of the Rings: Tales of Middle-Earth,LTR,6/23/2023,2023
The Lord of the Rings: Tales of Middle-earth Minigames,MLTR,6/23/2023,2023
Tales of Middle-earth Promos,PLTR,6/23/2023,2023
From Cute to Brute,PCTB,5/15/2023,2023
March of the Machine: The Aftermath,MAT,5/12/2023,2023
March of the Machine Art Series,AMOM,4/21/2023,2023
March of the Machine Jumpstart Front Cards,FMOM,4/21/2023,2023
March of the Machine Commander,MOC,4/21/2023,2023
Multiverse Legends,MUL,4/21/2023,2023
March of the Machine Promos,PMOM,4/21/2023,2023
March of the Machine Substitute Cards,SMOM,4/21/2023,2023
March of the Machine Japanese Promo Tokens,WMOM,4/21/2023,2023
March of the Machine,MOM,4/14/2023,2023
Shadows Over Innistrad Remastered,SIR,3/21/2023,2023
Shadows of the Past,SIS,3/21/2023,2023
Alchemy: Phyrexia,YONE,2/28/2023,2023
Secret Lair Showdown,SLP,2/17/2023,2023
Unknown Event,DA1,2/15/2023,2023
Unknown Event,UNK,2/15/2023,2023
Year of the Rabbit 2023,PL23,2/10/2023,2023
Phyrexia: All Will Be One Art Series,AONE,2/3/2023,2023
Phyrexia: All Will Be One Jumpstart Front Cards,FONE,2/3/2023,2023
Phyrexia: All Will Be One Minigames,MONE,2/3/2023,2023
Phyrexia: All Will Be One Commander,ONC,2/3/2023,2023
Phyrexia: All Will Be One,ONE,2/3/2023,2023
Phyrexia: All Will Be One Promos,PONE,2/3/2023,2023
Phyrexia: All Will Be One Japanese Promo Tokens,WONE,1/27/2023,2023
Dominaria Remastered,DMR,1/13/2023,2023
Judge Gift Cards 2023,P23,1/1/2023,2023
Regional Championship Qualifiers 2023,PR23,1/1/2023,2023
Wizards Play Network 2023,PW23,1/1/2023,2023
Explorer Anthology 2,EA2,12/13/2022,2022
Alchemy: The Brothers' War,YBRO,12/13/2022,2022
Jumpstart 2022 Front Cards,FJ22,12/2/2022,2022
Jump Start 2022,J22,12/2/2022,2022
Starter Commander Decks,SCD,12/2/2022,2022
30th Anniversary Edition,30A,11/28/2022,2022
Eternal Weekend 2022,PEWK,11/26/2022,2022
Transformers,BOT,11/18/2022,2022
The Brothers' War Commander,BRC,11/18/2022,2022
The Brothers' War Retro Artifacts,BRR,11/18/2022,2022
The Brothers' War Jumpstart Front Cards,FBRO,11/18/2022,2022
The Brothers' War Minigames,MBRO,11/18/2022,2022
The Brothers' War Southeast Asia Tokens,PTBRO,11/18/2022,2022
The Brothers' War Substitute Cards,SBRO,11/18/2022,2022
The Brothers' War Art Series,ABRO,11/15/2022,2022
The Brothers' War,BRO,11/15/2022,2022
The Brothers' War Promos,PBRO,11/15/2022,2022
Pioneer Challenger Decks 2022,Q08,11/4/2022,2022
Secret Lair 30th Anniversary Countdown Kit,SLC,11/1/2022,2022
Challenger Decks 2022,Q07,10/15/2022,2022
Game Night 2022,GN3,10/14/2022,2022
"Warhammer 40,000",40K,10/7/2022,2022
Unfinity Sticker Sheets,SUNF,10/7/2022,2022
The List (Unfinity Foil Edition),ULST,10/7/2022,2022
Unfinity,UNF,10/7/2022,2022
The List (Unfinity Foil Edition),UPLIST,10/7/2022,2022
Alchemy: Dominaria,YDMU,10/5/2022,2022
Regional Championship Qualifiers 2022,PRCQ,10/1/2022,2022
Dominaria United Art Series,ADMU,9/9/2022,2022
Dominaria United Commander,DMC,9/9/2022,2022
Dominaria United Jumpstart Front Cards,FDMU,9/9/2022,2022
Dominaria United Minigames,MDMU,9/9/2022,2022
30th Anniversary History Promos,P30H,9/9/2022,2022
Dominaria United Promos,PDMU,9/9/2022,2022
Dominaria United Japanese Promo Tokens,PDWA,9/9/2022,2022
Dominaria United Southeast Asia Tokens,PTDMU,9/9/2022,2022
Dominaria United Japanese Promo Tokens,WDMU,9/9/2022,2022
Dominaria United,DMU,9/2/2022,2022
30th Anniversary Promos,P30A,9/2/2022,2022
30th Anniversary Misc Promos,P30M,9/2/2022,2022
2021 Heroes of the Realm,PH21,8/1/2022,2022
Summer Vacation Promos 2022,PSVC,8/1/2022,2022
Explorer Anthology 1,EA1,7/28/2022,2022
Historic Anthology 6,HA6,7/28/2022,2022
Store Championships 2022,SCH,7/9/2022,2022
Double Masters 2022,2X2,7/8/2022,2022
Alchemy Horizons: Baldur's Gate,HBG,7/7/2022,2022
Love Your LGS 2022,PLG22,7/1/2022,2022
Battle for Baldur's Gate Art Series,ACLB,6/10/2022,2022
Commander Legends: Battle for Baldur's Gate,CLB,6/10/2022,2022
Commander Legends: Battle for Baldur's Gate Minigames,MCLB,6/10/2022,2022
Battle for Baldur's Gate Oversized Cards,OCLB,6/10/2022,2022
Battle for Baldur's Gate Promos,PCLB,6/10/2022,2022
Alchemy: New Capenna,YSNC,6/2/2022,2022
Streets of New Capenna Promos,PSNC,4/30/2022,2022
Streets of New Capenna Southeast Asia Tokens,PTSNC,4/30/2022,2022
New Capenna Art Series,ASNC,4/29/2022,2022
Streets of New Capenna Minigames,MSNC,4/29/2022,2022
New Capenna Commander,NCC,4/29/2022,2022
Streets of New Capenna,SNC,4/29/2022,2022
"Heads I Win, Tails You Lose",PHED,4/22/2022,2022
New Capenna Commander Promos,PNCC,4/9/2022,2022
Game Day Promos,GDY,4/8/2022,2022
Alchemy: Kamigawa,YNEO,3/17/2022,2022
Wizards Play Network 2022,PW22,3/5/2022,2022
Universes Within,SLX,3/3/2022,2022
Year of the Tiger 2022,PL22,2/25/2022,2022
Neon Dynasty Art Series,ANEO,2/18/2022,2022
Kamigawa: Neon Destiny Minigames,MNEO,2/18/2022,2022
Kamigawa: Neon Dynasty Commander,NEC,2/18/2022,2022
Kamigawa: Neon Dynasty,NEO,2/18/2022,2022
Kamigawa: Neon Dynasty Promos,PNEO,2/18/2022,2022
Kamigawa: Neon Dynasty Substitute Cards,SNEO,2/18/2022,2022
Innistrad: Midnight Hunt Alchemy,Y22,2/7/2022,2022
Commander Collection: Black,CC2,1/28/2022,2022
Innistrad: Double Feature,DBL,1/28/2022,2022
Judge Gift Cards 2022,P22,1/1/2022,2022
Alchemy: Innistrad,YMID,12/9/2021,2021
Crimson Vow Art Series,AVOW,11/19/2021,2021
Innistrad: Crimson Vow Minigames,MVOW,11/19/2021,2021
Crimson Vow Commander Display Commanders,OVOC,11/19/2021,2021
Innistrad: Crimson Vow Promos,PVOW,11/19/2021,2021
Innistrad: Crimson Vow Substitute Cards,SVOW,11/19/2021,2021
Innistrad: Crimson Vow Commander,VOC,11/19/2021,2021
Innistrad: Crimson Vow,VOW,11/19/2021,2021
Pioneer Challenger Decks 2021,Q06,10/15/2021,2021
Midnight Hunt Art Series,AMID,9/24/2021,2021
Innistrad: Midnight Hunt Commander,MIC,9/24/2021,2021
Innistrad: Midnight Hunt,MID,9/24/2021,2021
Innistrad: Midnight Hunt Minigames,MMID,9/24/2021,2021
Midnight Hunt Commander Display Commanders,OMIC,9/24/2021,2021
Innistrad: Midnight Hunt Promos,PMID,9/24/2021,2021
Innistrad: Midnight Hunt Substitute Cards,SMID,9/24/2021,2021
Jumpstart: Historic Horizons,J21,8/26/2021,2021
Mystery Booster Playtest Cards 2021,CMB2,8/20/2021,2021
2020 Heroes of the Realm,HTR20,8/1/2021,2021
2020 Heroes of the Realm,PH20,8/1/2021,2021
Adventures in the Forgotten Realms Art Series,AAFR,7/23/2021,2021
Adventures in the Forgotten Realms Commander,AFC,7/23/2021,2021
Adventures in the Forgotten Realms,AFR,7/23/2021,2021
Adventures in the Forgotten Realms Minigames,MAFR,7/23/2021,2021
Forgotten Realms Commander Display Commanders,OAFC,7/23/2021,2021
Forgotten Realms Oversized Cards,OAFR,7/23/2021,2021
Adventures in the Forgotten Realms Promos,PAFR,7/23/2021,2021
Love Your LGS 2021,PLG21,6/22/2021,2021
Modern Horizons 2 Art Series,AMH2,6/18/2021,2021
Modern Horizons 1 Timeshifts,H1R,6/18/2021,2021
Modern Horizons 2,MH2,6/18/2021,2021
Modern Horizons 2 Minigames,MMH2,6/18/2021,2021
Modern Horizons 2 Promos,PMH2,6/18/2021,2021
Wizards Play Network 2021,PW21,6/18/2021,2021
Historic Anthology 5,HA5,5/27/2021,2021
Strixhaven Art Series,ASTX,4/23/2021,2021
Commander 2021,C21,4/23/2021,2021
Strixhaven: School of Mages Minigames,MSTX,4/23/2021,2021
Commander 2021 Display Commanders,OC21,4/23/2021,2021
Strixhaven: School of Mages Promos,PSTX,4/23/2021,2021
Strixhaven: School of Mages Substitute Cards,SSTX,4/23/2021,2021
Strixhaven Mystical Archive,STA,4/23/2021,2021
Strixhaven: School of Mages,STX,4/23/2021,2021
Time Spiral Remastered,TSR,3/19/2021,2021
Historic Anthology 4,HA4,3/11/2021,2021
Challenger Decks 2021,Q05,3/2/2021,2021
Kaldheim Art Series,AKHM,2/5/2021,2021
Kaldheim Commander,KHC,2/5/2021,2021
Kaldheim,KHM,2/5/2021,2021
Kaldheim Minigames,MKHM,2/5/2021,2021
Kaldheim Promos,PKHM,2/5/2021,2021
Kaldheim Substitute Cards,SKHM,2/5/2021,2021
Year of the Ox 2021,PL21,1/25/2021,2021
MagicFest 2021,PF21,1/1/2021,2021
Judge Gift Cards 2021,PJ21,1/1/2021,2021
Commander Collection: Green,CC1,12/4/2020,2020
Commander Legends,CMR,11/20/2020,2020
Commander Legends Promos,PCMR,11/20/2020,2020
Kaladesh Remastered,KLR,11/12/2020,2020
The List,PLIST,9/26/2020,2020
The List,PLST,9/26/2020,2020
Zendikar Rising Art Series,AZNR,9/25/2020,2020
Zendikar Rising Minigames,MZNR,9/25/2020,2020
Zendikar Rising Promos,PZNR,9/25/2020,2020
Zendikar Rising Substitute Cards,SZNR,9/25/2020,2020
Zendikar Rising Commander,ZNC,9/25/2020,2020
Zendikar Rising Expeditions,ZNE,9/25/2020,2020
Zendikar Rising,ZNR,9/25/2020,2020
Amonkhet Remastered,AKR,8/13/2020,2020
Arena Base Set,ANB,8/13/2020,2020
Double Masters,2XM,8/7/2020,2020
2019 Heroes of the Realm,HTR19,8/1/2020,2020
2019 Heroes of the Realm,PH19,8/1/2020,2020
Jumpstart Arena Exclusives,AJMP,7/17/2020,2020
Jumpstart,JMP,7/17/2020,2020
Core Set 2021,M21,7/3/2020,2020
Core Set 2021 Promos,PM21,7/3/2020,2020
Signature Spellbook: Chandra,SS3,6/26/2020,2020
Jumpstart Front Cards,FJMP,6/18/2020,2020
Secret Lair: Ultimate Edition,SLU,5/29/2020,2020
Historic Anthology 3,HA3,5/21/2020,2020
Love Your LGS 2020,PLG20,5/18/2020,2020
Ikoria: Lair of Behemoths,IKO,4/24/2020,2020
Ikoria: Lair of Behemoths Promos,PIKO,4/24/2020,2020
Ikoria Commander,C20,4/17/2020,2020
Commander 2020 Oversized,OC20,4/17/2020,2020
Challenger Decks 2020,Q04,3/27/2020,2020
Historic Anthology 2,HA2,3/12/2020,2020
Mystery Booster Retail Edition Foils,FMB1,3/8/2020,2020
Unsanctioned,UND,2/29/2020,2020
Theros Beyond Death Promos,PTHB,1/24/2020,2020
Theros Beyond Death,THB,1/24/2020,2020
Judge Gift Cards 2020,J20,1/1/2020,2020
MagicFest 2020,PF20,1/1/2020,2020
Secret Lair Drop,SLD,12/2/2019,2019
Historic Anthology 1,HA1,11/21/2019,2019
Game Night 2019,GN2,11/15/2019,2019
Challenger Decks 2019 Japan,Q03,11/8/2019,2019
Mystery Booster Playtest Cards 2019,CMB1,11/7/2019,2019
Mystery Booster,MB1,11/7/2019,2019
Ponies: The Galloping,PTG,10/22/2019,2019
Throne of Eldraine,ELD,10/4/2019,2019
Throne of Eldraine Promos,PELD,10/4/2019,2019
Planeswalker Championship Promos,PWCS,10/1/2019,2019
Commander 2019 Oversized,OC19,8/31/2019,2019
Commander 2019,C19,8/23/2019,2019
2018 Heroes of the Realm,HTR18,8/1/2019,2019
2018 Heroes of the Realm,PH18,8/1/2019,2019
San Diego Comic-Con 2019,PS19,7/18/2019,2019
Core Set 2020,M20,7/12/2019,2019
Core Set 2020 Promos,PM20,7/12/2019,2019
M20 Promo Packs,PPP1,7/12/2019,2019
Signature Spellbook: Gideon,SS2,6/28/2019,2019
Modern Horizons,MH1,6/14/2019,2019
Modern Horizons Promos,PMH1,6/14/2019,2019
Modern Horizons Art Series,AMH1,6/5/2019,2019
War of the Spark Promos,PWAR,5/3/2019,2019
War of the Spark,WAR,5/3/2019,2019
Challenger Decks 2019,Q02,4/12/2019,2019
Judge Gift Cards 2019,J19,4/10/2019,2019
RNA Ravnica Weekend,PRW2,2/16/2019,2019
Guild Kit: Azorius,GK2,2/15/2019,2019
Ravnica Allegiance Promos,PRNA,1/25/2019,2019
Ravnica Allegiance,RNA,1/25/2019,2019
MagicFest 2019,PF19,1/1/2019,2019
Planechase Anthology Planes,OPCA,12/25/2018,2018
Ultimate Box Toppers,PUMA,12/7/2018,2018
Ultimate Masters,UMA,12/7/2018,2018
Gift Pack,G18,11/16/2018,2018
Game Night,GNT,11/16/2018,2018
GRN Ravnica Weekend,PRWK,11/9/2018,2018
Guild Kit: Dimir,GK1,11/2/2018,2018
Guilds of Ravnica,GRN,10/5/2018,2018
Masters Edition,MED,10/5/2018,2018
Guilds of Ravnica Promos,PGRN,10/5/2018,2018
Commander 2018,C18,8/9/2018,2018
Commander 2018 Oversized,OC18,8/9/2018,2018
2017 Heroes of the Realm,HTR17,8/1/2018,2018
2017 Heroes of the Realm,PH17,8/1/2018,2018
San Diego Comic-Con 2018,PS18,7/19/2018,2018
Arena New Player Experience,ANA,7/14/2018,2018
Arena New Player Experience Cards,OANA,7/14/2018,2018
MTG Arena Promos,PANA,7/14/2018,2018
Arena New Player Experience Extras,XANA,7/14/2018,2018
Core Set 2019,M19,7/13/2018,2018
Core Set 2019 Promos,PM19,7/13/2018,2018
M19 Standard Showdown,PSS3,7/13/2018,2018
Global Series: Jiang Yanggu and Mu Yanling,GS1,6/22/2018,2018
Signature Spellbook: Jace,SS1,6/15/2018,2018
Battlebond,BBD,6/8/2018,2018
Commander Anthology 2018,CM2,6/8/2018,2018
Battlebond Promos,PBBD,6/8/2018,2018
Dominaria,DOM,4/27/2018,2018
Dominaria Promos,PDOM,4/27/2018,2018
Duel Decks: Elves vs. Inventors,DDU,4/6/2018,2018
Challenger Decks 2018,Q01,4/6/2018,2018
Masters 25,A25,3/16/2018,2018
Lunar New Year 2018,PLNY,2/16/2018,2018
Nationals Promos,PNAT,1/25/2018,2018
Rivals of Ixalan Promos,PRIX,1/19/2018,2018
Rivals of Ixalan,RIX,1/19/2018,2018
Judge Gift Cards 2018,J18,1/1/2018,2018
Friday Night Magic 2018,F18,12/27/2017,2017
Unstable Promos,PUST,12/8/2017,2017
Unstable,UST,12/8/2017,2017
Explorers of Ixalan,E02,11/24/2017,2017
XLN Treasure Chest,PXTC,11/24/2017,2017
From the Vault: Transform,V17,11/24/2017,2017
Iconic Masters,IMA,11/17/2017,2017
Duel Decks: Merfolk vs. Goblins,DDT,10/24/2017,2017
2017 Gift Pack,G17,10/20/2017,2017
XLN Standard Showdown,PSS2,9/29/2017,2017
Ixalan Promos,PXLN,9/29/2017,2017
Ixalan,XLN,9/29/2017,2017
HasCon 2017,H17,9/20/2017,2017
2016 Heroes of the Realm,HTR16,9/20/2017,2017
2016 Heroes of the Realm,PHTR,9/20/2017,2017
Commander 2017,C17,8/25/2017,2017
Commander 2017 Oversized,OC17,8/25/2017,2017
San Diego Comic-Con 2017,PS17,7/20/2017,2017
Hour of Devastation,HOU,7/14/2017,2017
Hour of Devastation Promos,PHOU,7/14/2017,2017
Archenemy: Nicol Bolas,E01,6/16/2017,2017
Archenemy: Nicol Bolas Schemes,OE01,6/16/2017,2017
Commander Anthology,CMA,6/9/2017,2017
Amonkhet,AKH,4/28/2017,2017
Masterpiece Series: Amonkhet Invocations,MP2,4/28/2017,2017
Amonkhet Promos,PAKH,4/28/2017,2017
Welcome Deck 2017,W17,4/15/2017,2017
Duel Decks: Mind vs. Might,DDS,3/31/2017,2017
Modern Masters 2017 Edition,MM3,3/17/2017,2017
Aether Revolt,AER,1/20/2017,2017
Aether Revolt Promos,PAER,1/20/2017,2017
Friday Night Magic 2017,F17,1/1/2017,2017
Judge Gift Cards 2017,J17,1/1/2017,2017
League Tokens 2017,L17,1/1/2017,2017
Planechase Anthology,PCA,11/25/2016,2016
Treasure Chest,PZ2,11/16/2016,2016
Commander 2016,C16,11/11/2016,2016
Commander 2016 Oversized,OC16,11/11/2016,2016
San Diego Comic-Con 2016,PS16,10/1/2016,2016
Kaladesh,KLD,9/30/2016,2016
Masterpiece Series: Kaladesh Inventions,MPS,9/30/2016,2016
Kaladesh Promos,PKLD,9/30/2016,2016
Duel Decks: Nissa vs. Ob Nixilis,DDR,9/2/2016,2016
Conspiracy: Take the Crown,CN2,8/26/2016,2016
From the Vault: Lore,V16,8/19/2016,2016
Eldritch Moon,EMN,7/22/2016,2016
Eldritch Moon Promos,PEMN,7/22/2016,2016
Eternal Masters,EMA,6/10/2016,2016
Shadows over Innistrad Promos,PSOI,4/8/2016,2016
Shadows over Innistrad,SOI,4/8/2016,2016
Welcome Deck 2016,W16,4/8/2016,2016
Duel Decks: Blessed vs. Cursed,DDQ,2/26/2016,2016
Oath of the Gatewatch,OGW,1/22/2016,2016
Oath of the Gatewatch Promos,POGW,1/22/2016,2016
Friday Night Magic 2016,F16,1/1/2016,2016
Judge Gift Cards 2016,J16,1/1/2016,2016
League Tokens 2016,L16,1/1/2016,2016
Legendary Cube Prize Pack,PZ1,11/18/2015,2015
Commander 2015,C15,11/13/2015,2015
Commander 2015 Oversized,OC15,11/13/2015,2015
Battle for Zendikar,BFZ,10/2/2015,2015
Zendikar Expeditions,EXP,10/2/2015,2015
Battle for Zendikar Promos,PBFZ,10/2/2015,2015
BFZ Standard Series,PSS1,10/2/2015,2015
Duel Decks: Zendikar vs. Eldrazi,DDP,8/28/2015,2015
From the Vault: Angels,V15,8/21/2015,2015
Magic Origins Clash Pack,CP3,7/17/2015,2015
Magic Origins,ORI,7/17/2015,2015
Magic Origins Promos,PORI,7/17/2015,2015
San Diego Comic-Con 2015,PS15,7/9/2015,2015
Modern Masters 2015 Edition,MM2,5/22/2015,2015
Tempest Remastered,TPR,5/6/2015,2015
Tarkir Dragonfury,PTKDF,4/3/2015,2015
Dragons of Tarkir,DTK,3/27/2015,2015
Dragons of Tarkir Promos,PDTK,3/27/2015,2015
Duel Decks: Elspeth vs. Kiora,DDO,2/27/2015,2015
Fate Reforged Clash Pack,CP2,1/23/2015,2015
Fate Reforged,FRF,1/23/2015,2015
Fate Reforged Promos,PFRF,1/23/2015,2015
Ugin's Fate promos,UGIN,1/17/2015,2015
Friday Night Magic 2015,F15,1/1/2015,2015
Judge Gift Cards 2015,J15,1/1/2015,2015
League Tokens 2015,L15,1/1/2015,2015
Duel Decks: Anthology,DD3,12/5/2014,2014
Duel Decks Anthology: Divine vs. Demonic,DVD,12/5/2014,2014
Duel Decks: Elves vs. Goblins,EVG,12/5/2014,2014
Duel Decks Anthology: Garruk vs. Liliana,GVL,12/5/2014,2014
Duel Decks Anthology: Jace vs. Chandra,JVC,12/5/2014,2014
Commander 2014,C14,11/7/2014,2014
Commander 2014 Oversized,OC14,11/7/2014,2014
Khans of Tarkir,KTK,9/26/2014,2014
Khans of Tarkir Promos,PKTK,9/26/2014,2014
Duel Decks: Speed vs. Cunning,DDN,9/5/2014,2014
From the Vault: Annihilation (2014),V14,8/22/2014,2014
Magic 2015 Clash Pack,CP1,7/18/2014,2014
Magic 2015 Core Set,M15,7/18/2014,2014
Magic 2015 Promos,PM15,7/17/2014,2014
M15 Prerelease Challenge,PPC1,7/12/2014,2014
San Diego Comic-Con 2014,PS14,7/8/2014,2014
Vintage Masters,VMA,6/16/2014,2014
Magic: The Gathering—Conspiracy,CNS,6/6/2014,2014
Conspiracy Promos,PCNS,6/6/2014,2014
Modern Event Deck 2014,MD1,5/30/2014,2014
Defeat a God,TDAG,5/25/2014,2014
Journey into Nyx,JOU,5/2/2014,2014
Journey into Nyx Hero's Path,THP3,5/2/2014,2014
Journey into Nyx Promos,PJOU,4/26/2014,2014
Duel Decks: Jace vs. Vraska,DDM,3/14/2014,2014
Battle the Horde,TBTH,3/1/2014,2014
Born of the Gods,BNG,2/7/2014,2014
Born of the Gods Hero's Path,THP2,2/7/2014,2014
Born of the Gods Promos,PBNG,2/1/2014,2014
Friday Night Magic 2014,F14,1/1/2014,2014
Judge Gift Cards 2014,J14,1/1/2014,2014
League Tokens 2014,L14,1/1/2014,2014
Duels of the Planeswalkers 2015 Promos,PDP15,1/1/2014,2014
IDW Comics 2014,PI14,1/1/2014,2014
Commander 2013 Edition,C13,11/1/2013,2013
Commander 2013 Oversized,OC13,11/1/2013,2013
Face the Hydra,TFTH,10/19/2013,2013
Theros Hero's Path,THP1,9/27/2013,2013
Theros,THS,9/27/2013,2013
Theros Promos,PTHS,9/21/2013,2013
Duel Decks: Heroes vs. Monsters,DDL,9/6/2013,2013
From the Vault: Twenty,V13,8/23/2013,2013
Magic 2014 Core Set,M14,7/19/2013,2013
Magic 2014 Promos,PM14,7/18/2013,2013
San Diego Comic-Con 2013,PSDC,7/18/2013,2013
Modern Masters,MMA,6/7/2013,2013
Dragon's Maze,DGM,5/3/2013,2013
Dragon's Maze Promos,PDGM,4/27/2013,2013
World Magic Cup Qualifiers,WMC,4/6/2013,2013
Duel Decks: Sorin vs. Tibalt,DDK,3/15/2013,2013
Gatecrash,GTC,2/1/2013,2013
Gatecrash Promos,PGTC,1/26/2013,2013
Friday Night Magic 2013,F13,1/1/2013,2013
Judge Gift Cards 2013,J13,1/1/2013,2013
League Tokens 2013,L13,1/1/2013,2013
Duels of the Planeswalkers 2014 Promos,PDP14,1/1/2013,2013
IDW Comics 2013,PI13,1/1/2013,2013
Commander's Arsenal,CM1,11/2/2012,2012
Commander's Arsenal Oversized,OCM1,11/2/2012,2012
Return to Ravnica Promos,PRTR,10/5/2012,2012
Return to Ravnica,RTR,10/5/2012,2012
Duel Decks: Izzet vs. Golgari,DDJ,9/7/2012,2012
From the Vault: Realms,V12,8/31/2012,2012
Magic 2013,M13,7/13/2012,2012
Magic 2013 Promos,PM13,7/12/2012,2012
Planechase 2012 Planes,OPC2,6/1/2012,2012
Planechase 2012 Edition,PC2,6/1/2012,2012
Avacyn Restored,AVR,5/4/2012,2012
Avacyn Restored Promos,PAVR,4/28/2012,2012
Open the Helvault,PHEL,4/28/2012,2012
Duel Decks: Venser vs. Koth,DDI,3/30/2012,2012
Dark Ascension,DKA,2/3/2012,2012
Dark Ascension Promos,PDKA,1/28/2012,2012
Friday Night Magic 2012,F12,1/1/2012,2012
Judge Gift Cards 2012,J12,1/1/2012,2012
League Tokens 2012,L12,1/1/2012,2012
Duels of the Planeswalkers 2013 Promos,PDP13,1/1/2012,2012
IDW Comics 2012,PIDW,1/1/2012,2012
Wizards Play Network 2012,PW12,1/1/2012,2012
Premium Deck Series: Graveborn,PD3,11/18/2011,2011
Innistrad,ISD,9/30/2011,2011
Innistrad Promos,PISD,9/24/2011,2011
Duel Decks: Ajani vs. Nicol Bolas,DDH,9/2/2011,2011
From the Vault: Legends,V11,8/26/2011,2011
Magic 2012,M12,7/15/2011,2011
Magic 2012 Promos,PM12,7/14/2011,2011
Magic: The Gathering-Commander,CMD,6/17/2011,2011
Commander 2011 Oversized,OCMD,6/17/2011,2011
Commander 2011 Launch Party,PCMD,6/17/2011,2011
Duel Decks: Mirrodin Pure vs. New Phyrexia,TD2,5/14/2011,2011
New Phyrexia,NPH,5/13/2011,2011
New Phyrexia Promos,PNPH,5/12/2011,2011
Duel Decks: Knights vs. Dragons,DDG,4/1/2011,2011
Mirrodin Besieged,MBS,2/4/2011,2011
Mirrodin Besieged Promos,PMBS,2/3/2011,2011
Masters Edition IV,ME4,1/10/2011,2011
Friday Night Magic 2011,F11,1/1/2011,2011
Judge Gift Cards 2011,G11,1/1/2011,2011
Legacy Championship,OLGC,1/1/2011,2011
Magic Player Rewards 2011,P11,1/1/2011,2011
Duels of the Planeswalkers 2012 Promos,PDP12,1/1/2011,2011
Magic Premiere Shop 2011,PMPS11,1/1/2011,2011
Salvat 2011,PS11,1/1/2011,2011
Wizards Play Network 2011,PW11,1/1/2011,2011
Premium Deck Series: Fire and Lightning,PD2,11/19/2010,2010
Magic Online Theme Decks,TD0,11/8/2010,2010
Scars of Mirrodin,SOM,10/1/2010,2010
Scars of Mirrodin Promos,PSOM,9/30/2010,2010
Duel Decks: Elspeth vs. Tezzeret,DDF,9/3/2010,2010
From the Vault: Relics,V10,8/27/2010,2010
Magic 2011,M11,7/16/2010,2010
Magic 2011 Promos,PM11,7/15/2010,2010
Archenemy,ARC,6/18/2010,2010
Archenemy Schemes,OARC,6/18/2010,2010
Promotional Schemes,PARC,6/18/2010,2010
Duels of the Planeswalkers,DPA,6/4/2010,2010
Rise of the Eldrazi Promos,PROE,4/23/2010,2010
Rise of the Eldrazi,ROE,4/23/2010,2010
Duel Decks: Phyrexia vs. the Coalition,DDE,3/19/2010,2010
Worldwake Promos,PWWK,2/5/2010,2010
Worldwake,WWK,2/5/2010,2010
Friday Night Magic 2010,F10,1/1/2010,2010
Judge Gift Cards 2010,G10,1/1/2010,2010
Magic Player Rewards 2010,P10,1/1/2010,2010
Duels of the Planeswalkers 2010 Promos,PDP10,1/1/2010,2010
Magic Premiere Shop 2010,PMPS10,1/1/2010,2010
Wizards Play Network 2010,PW10,1/1/2010,2010
Premium Deck Series: Slivers,H09,11/20/2009,2009
Duel Decks: Garruk vs. Liliana,DDD,10/30/2009,2009
Zendikar Promos,PZEN,10/2/2009,2009
Zendikar,ZEN,10/2/2009,2009
Masters Edition III,ME3,9/7/2009,2009
Planechase,HOP,9/4/2009,2009
Planechase Planes,OHOP,9/4/2009,2009
Promotional Planes,PHOP,9/4/2009,2009
From the Vault: Exiled,V09,8/28/2009,2009
Magic 2010,M10,7/17/2009,2009
Magic 2010 Promos,PM10,7/16/2009,2009
Alara Reborn,ARB,4/30/2009,2009
Alara Reborn Promos,PARB,4/30/2009,2009
Duel Decks: Divine vs. Demonic,DDC,4/10/2009,2009
URL/Convention Promos,PURL,2/8/2009,2009
Conflux,CON,2/6/2009,2009
Conflux Promos,PCON,2/6/2009,2009
Miscellaneous Book Promos,PBOOK,1/27/2009,2009
Friday Night Magic 2009,F09,1/1/2009,2009
Judge Gift Cards 2009,G09,1/1/2009,2009
Magic Player Rewards 2009,P09,1/1/2009,2009
Duels of the Planeswalkers 2009 Promos,PDTP,1/1/2009,2009
Magic Premiere Shop 2009,PMPS09,1/1/2009,2009
Wizards Play Network 2009,PW09,1/1/2009,2009
Duel Decks: Jace vs. Chandra,DD2,11/7/2008,2008
Shards of Alara,ALA,10/3/2008,2008
Shards of Alara Promos,PALA,10/3/2008,2008
Wizards Play Network 2008,PWPN,10/1/2008,2008
Masters Edition II,ME2,9/22/2008,2008
From the Vault: Dragons,DRB,8/29/2008,2008
Eventide,EVE,7/25/2008,2008
Eventide Promos,PEVE,7/25/2008,2008
Shadowmoor Promos,PSHM,5/2/2008,2008
Shadowmoor,SHM,5/2/2008,2008
15th Anniversary Cards,P15A,4/1/2008,2008
Morningtide,MOR,2/1/2008,2008
Morningtide Promos,PMOR,2/1/2008,2008
Friday Night Magic 2008,F08,1/1/2008,2008
Judge Gift Cards 2008,G08,1/1/2008,2008
Magic Player Rewards 2008,P08,1/1/2008,2008
Gateway 2008,PG08,1/1/2008,2008
Magic Premiere Shop 2008,PMPS08,1/1/2008,2008
Duel Decks: Elves vs. Goblins,DD1,11/16/2007,2007
Lorwyn,LRW,10/12/2007,2007
Lorwyn Promos,PLRW,10/12/2007,2007
Masters Edition,ME1,9/10/2007,2007
Summer of Magic,PSUM,7/21/2007,2007
Tenth Edition,10E,7/13/2007,2007
Tenth Edition Promos,P10E,7/13/2007,2007
Future Sight,FUT,5/4/2007,2007
Future Sight Promos,PFUT,5/4/2007,2007
Grand Prix Promos,PGPX,2/24/2007,2007
Pro Tour Promos,PPRO,2/9/2007,2007
Planar Chaos,PLC,2/2/2007,2007
Planar Chaos Promos,PPLC,2/2/2007,2007
Friday Night Magic 2007,F07,1/1/2007,2007
Judge Gift Cards 2007,G07,1/1/2007,2007
Magic Player Rewards 2007,P07,1/1/2007,2007
Gateway 2007,PG07,1/1/2007,2007
Magic Premiere Shop 2007,PMPS07,1/1/2007,2007
Resale Promos,PRES,1/1/2007,2007
Happy Holidays,HHO,12/31/2006,2006
Time Spiral Promos,PTSP,10/6/2006,2006
"Time Spiral ""Timeshifted""",TSB,10/6/2006,2006
Time Spiral,TSP,10/6/2006,2006
Coldsnap,CSP,7/21/2006,2006
Coldsnap Theme Decks,CST,7/21/2006,2006
Coldsnap Promos,PCSP,7/21/2006,2006
Dissension,DIS,5/5/2006,2006
Dissension Promos,PDIS,5/5/2006,2006
Champs and States,PCMP,3/18/2006,2006
Guildpact,GPT,2/3/2006,2006
Guildpact Promos,PGPT,2/3/2006,2006
DCI Promos,DCI,1/1/2006,2006
Friday Night Magic 2006,F06,1/1/2006,2006
Judge Gift Cards 2006,G06,1/1/2006,2006
Magic Player Rewards 2006,P06,1/1/2006,2006
Arena League 2006,PAL06,1/1/2006,2006
DCI Promos,PDCI,1/1/2006,2006
Gateway 2006,PGTW,1/1/2006,2006
Hachette UK,PHUK,1/1/2006,2006
Junior APAC Series,PJAS,1/1/2006,2006
Magic Premiere Shop 2006,PMPS06,1/1/2006,2006
Two-Headed Giant Tournament,P2HG,12/9/2005,2005
Ravnica: City of Guilds Promos,PRAV,10/7/2005,2005
Ravnica: City of Guilds,RAV,10/7/2005,2005
Salvat 2005,PSAL,8/22/2005,2005
Ninth Edition,9ED,7/29/2005,2005
Ninth Edition Promos,P9ED,7/29/2005,2005
Saviors of Kamigawa Promos,PSOK,6/3/2005,2005
Saviors of Kamigawa,SOK,6/3/2005,2005
Betrayers of Kamigawa,BOK,2/4/2005,2005
Betrayers of Kamigawa Promos,PBOK,2/4/2005,2005
Friday Night Magic 2005,F05,1/1/2005,2005
Judge Gift Cards 2005,G05,1/1/2005,2005
Magic Player Rewards 2005,P05,1/1/2005,2005
Arena League 2005,PAL05,1/1/2005,2005
Junior Series Europe,PJSE,1/1/2005,2005
Magic Premiere Shop 2005,PMPS,1/1/2005,2005
Unhinged Promos,PUNH,11/19/2004,2004
Unhinged,UNH,11/19/2004,2004
Champions of Kamigawa,CHK,10/1/2004,2004
Champions of Kamigawa Promos,PCHK,10/1/2004,2004
World Championship Decks 2004,WC04,9/1/2004,2004
Fifth Dawn,5DN,6/4/2004,2004
Fifth Dawn Promos,P5DN,6/4/2004,2004
Darksteel Promos,PDST,6/4/2004,2004
Mirrodin Promos,PMRD,6/4/2004,2004
Darksteel,DST,2/6/2004,2004
Friday Night Magic 2004,F04,1/1/2004,2004
Judge Gift Cards 2004,G04,1/1/2004,2004
Magic Player Rewards 2004,P04,1/1/2004,2004
Arena League 2004,PAL04,1/1/2004,2004
Mirrodin,MRD,10/2/2003,2003
World Championship Decks 2003,WC03,8/6/2003,2003
Eighth Edition,8ED,7/28/2003,2003
Eighth Edition Promos,P8ED,7/28/2003,2003
Scourge Promos,PSCG,5/26/2003,2003
Scourge,SCG,5/26/2003,2003
Legions,LGN,2/3/2003,2003
Legions Promos,PLGN,2/3/2003,2003
Onslaught Promos,PONS,2/3/2003,2003
Friday Night Magic 2003,F03,1/1/2003,2003
Judge Gift Cards 2003,G03,1/1/2003,2003
Vintage Championship,OVNT,1/1/2003,2003
Magic Player Rewards 2003,P03,1/1/2003,2003
Arena League 2003,PAL03,1/1/2003,2003
Japan Junior Tournament,PJJT,1/1/2003,2003
Magic Online Avatars,PMOA,1/1/2003,2003
Onslaught,ONS,10/7/2002,2002
World Championship Decks 2002,WC02,8/14/2002,2002
Hobby Japan Promos,JP1,7/1/2002,2002
Hobby Japan Promos,PHJ,7/1/2002,2002
Magic Online Promos,PRM,6/24/2002,2002
Judgment,JUD,5/27/2002,2002
Judgment Promos,PJUD,5/27/2002,2002
Torment Promos,PTOR,2/4/2002,2002
Torment,TOR,2/4/2002,2002
Friday Night Magic 2002,F02,1/1/2002,2002
Judge Gift Cards 2002,G02,1/1/2002,2002
Arena League 2002,PAL02,1/1/2002,2002
Magic Player Rewards 2002,PR2,1/1/2002,2002
Deckmasters,DKM,12/1/2001,2001
Odyssey,ODY,10/1/2001,2001
Odyssey Promos,PODY,10/1/2001,2001
World Championship Decks 2001,WC01,8/8/2001,2001
Sega Dreamcast Cards,PSDG,6/28/2001,2001
Apocalypse,APC,6/4/2001,2001
Apocalypse Promos,PAPC,6/4/2001,2001
Seventh Edition,7ED,4/11/2001,2001
Planeshift,PLS,2/5/2001,2001
Planeshift Promos,PPLS,2/5/2001,2001
Friday Night Magic 2001,F01,1/1/2001,2001
Judge Gift Cards 2001,G01,1/1/2001,2001
Magic Player Rewards 2001,MPR,1/1/2001,2001
Arena League 2001,PAL01,1/1/2001,2001
Invasion,INV,10/2/2000,2000
Invasion Promos,PINV,10/2/2000,2000
Beatdown Box Set,BTD,10/1/2000,2000
World Championship Decks 2000,WC00,8/2/2000,2000
Prophecy,PCY,6/5/2000,2000
Prophecy Promos,PPCY,6/5/2000,2000
Starter 2000,S00,4/1/2000,2000
Nemesis,NEM,2/14/2000,2000
Nemesis Promos,PNEM,2/14/2000,2000
European Land Program,PELP,2/5/2000,2000
Friday Night Magic 2000,FNM,1/1/2000,2000
Judge Gift Cards 2000,G00,1/1/2000,2000
Arena League 2000,PAL00,1/1/2000,2000
Junior Super Series,PSUS,12/1/1999,1999
Battle Royale Box Set,BRB,11/12/1999,1999
Mercadian Masques,MMQ,10/4/1999,1999
Mercadian Masques Promos,PMMQ,10/4/1999,1999
Wizards of the Coast Online Store,PWOS,9/4/1999,1999
World Championship Promos,PWOR,8/4/1999,1999
World Championship Decks 1999,WC99,8/4/1999,1999
Guru,PGRU,7/12/1999,1999
Portal Three Kingdoms,PTK,7/6/1999,1999
Portal: Three Kingdoms Promos,PPTK,7/1/1999,1999
Starter 1999,S99,7/1/1999,1999
Urza's Destiny Promos,PUDS,6/7/1999,1999
Urza's Destiny,UDS,6/7/1999,1999
Classic Sixth Edition,6ED,4/21/1999,1999
Urza's Legacy Promos,PULG,2/15/1999,1999
Urza's Legacy,ULG,2/15/1999,1999
Judge Gift Cards 1999,G99,1/1/1999,1999
Arena League 1999,PAL99,1/1/1999,1999
Anthologies,ATH,11/1/1998,1998
Urza's Saga Promos,PUSG,10/12/1998,1998
Urza's Saga,USG,10/12/1998,1998
Asia Pacific Land Program,PALP,9/1/1998,1998
World Championship Decks 1998,WC98,8/12/1998,1998
Unglued,UGL,8/11/1998,1998
Portal Second Age,P02,6/24/1998,1998
Exodus,EXO,6/15/1998,1998
Exodus Promos,PEXO,6/15/1998,1998
Stronghold Promos,PSTH,3/2/1998,1998
Stronghold,STH,3/2/1998,1998
Judge Gift Cards 1998,JGP,1/1/1998,1998
Tempest Promos,PTMP,10/14/1997,1997
Tempest,TMP,10/14/1997,1997
World Championship Decks 1997,WC97,8/13/1997,1997
Weatherlight,WTH,6/9/1997,1997
Oversized League Prizes,OLEP,5/30/1997,1997
Portal,POR,5/1/1997,1997
Portal Demo Game,PPOD,5/1/1997,1997
Vanguard Series,PVAN,5/1/1997,1997
Astral Cards,PAST,4/1/1997,1997
MicroProse Promos,PMIC,4/1/1997,1997
Fifth Edition,5ED,3/24/1997,1997
Visions,VIS,2/3/1997,1997
Introductory Two-Player Set,ITP,12/31/1996,1996
Multiverse Gift Box,MGB,11/1/1996,1996
Mirage,MIR,10/8/1996,1996
Redemption Program,PRED,10/1/1996,1996
Celebration Cards,PCEL,8/14/1996,1996
Arena League 1996,PARL,8/2/1996,1996
Rivals Quick Start Set,RQS,7/1/1996,1996
Alliances,ALL,6/10/1996,1996
Pro Tour Collector Set,PTC,5/1/1996,1996
Oversized 90's Promos,O90P,4/1/1996,1996
Homelands,HML,10/1/1995,1995
Renaissance,REN,8/1/1995,1995
Rinascimento,RIN,8/1/1995,1995
FBB Chronicles,BCHR,7/1/1995,1995
Chronicles,CHR,7/1/1995,1995
Ice Age,ICE,6/3/1995,1995
Fourth Edition Foreign Black Border,4BB,4/1/1995,1995
Fourth Edition,4ED,4/1/1995,1995
DCI Legend Membership,PLGM,1/1/1995,1995
Media Inserts,PMEI,1/1/1995,1995
Fallen Empires,FEM,11/1/1994,1994
HarperPrism Book Promos,PHPR,9/1/1994,1994
The Dark,DRK,8/1/1994,1994
Dragon Con,PDRC,7/15/1994,1994
Summer Magic / Edgar,SUM,6/21/1994,1994
Legends,LEG,6/1/1994,1994
Revised Edition,3ED,4/1/1994,1994
Foreign Black Border,FBB,4/1/1994,1994
Antiquities,ATQ,3/4/1994,1994
Arabian Nights,ARN,12/17/1993,1993
Collectors’ Edition,CED,12/10/1993,1993
Intl. Collectors’ Edition,CEI,12/10/1993,1993
Unlimited Edition,2ED,12/1/1993,1993
Limited Edition Beta,LEB,10/4/1993,1993
Limited Edition Alpha,LEA,8/5/1993,1993
